{
  "success": false,
  "errors": {
    "salutation": "missing",
    "firstName": "missing",
    "lastName": "missing",
    "email": "invalid",
    "workPhone": "missing",
    "company": "missing",
    "branch": "missing",
    "address1": "missing",
    "address3": "missing",
    "city": "missing",
    "subIndustry": "missing",
    "annualRevenue": "missing",
    "numberOfEmployees": "missing",
    "department": "missing",
    "iWouldLike": "missing",
    "productOfInterest": "missing",
    "custom1": "missing",
    "custom2": "missing",
    "custom3": "missing",
    "custom4": "missing",
    "custom5": "missing",
    "custom6": "missing",
    "comments": "missing"
  }
}